"STORE","Yr","mon","dayCount"
9906,2004,8,1
4402,2004,9,1
8304,2005,3,1
7604,2005,7,1
8304,2004,8,1
7203,2004,8,3
6402,2005,3,11
5703,2005,4,16
3002,2005,3,16
1804,2004,12,17
4402,2004,11,17
4903,2004,10,17
1704,2005,4,21
3802,2004,9,21
5502,2004,9,22
3702,2004,9,23
3602,2004,9,23
5402,2004,9,23
4202,2004,9,24
3502,2004,9,24
5602,2004,9,24
4702,2004,9,25
6209,2005,3,26
2402,2004,9,26
2202,2004,9,26
9806,2004,9,26
5102,2004,9,26
2102,2004,9,26
1402,2004,8,26
2702,2004,9,26
2502,2004,9,26
2602,2004,9,26
5002,2004,9,26
3902,2004,9,26
5802,2005,8,26
4309,2005,8,27
6903,2005,8,27
5704,2005,8,27
4209,2005,8,27
204,2005,8,27
2304,2005,8,27
3707,2005,8,27
6902,2005,8,27
504,2005,8,27
4404,2005,8,27
7507,2005,8,27
9309,2005,8,27
7104,2005,8,27
5903,2005,8,27
7004,2005,8,27
5504,2005,8,27
3103,2005,8,27
9404,2005,8,27
903,2005,8,27
1109,2005,8,27
8102,2005,8,27
5402,2005,8,27
6004,2005,8,27
4902,2005,8,27
5004,2005,8,27
6402,2005,8,27
5304,2005,8,27
103,2005,8,27
3503,2005,8,27
7304,2005,8,27
1702,2005,8,27
9303,2005,8,27
2203,2005,8,27
8902,2005,8,27
802,2005,8,27
409,2005,8,27
9806,2005,8,27
1404,2005,8,27
8202,2005,8,27
4503,2005,8,27
4807,2005,8,27
5502,2005,8,27
404,2005,8,27
7702,2005,8,27
8403,2005,8,27
2602,2005,8,27
7103,2005,8,27
3004,2005,8,27
709,2005,8,27
6403,2005,8,27
5302,2004,9,27
9806,2005,1,27
3902,2005,8,27
407,2005,8,27
3809,2005,8,27
2407,2005,8,27
7704,2005,8,27
2409,2005,8,27
3603,2005,8,27
4407,2005,8,27
6703,2005,8,27
9304,2005,8,27
6203,2005,8,27
1502,2005,8,27
4204,2005,8,27
6209,2005,8,27
8802,2005,8,27
4202,2005,8,27
9609,2005,8,27
8703,2005,8,27
7102,2005,8,27
4604,2005,8,27
5602,2005,8,27
5503,2005,8,27
8702,2005,8,27
4904,2005,8,27
1307,2005,8,27
1304,2005,8,27
8109,2005,8,27
1509,2005,8,27
6304,2005,8,27
9806,2004,8,27
2209,2005,8,27
2104,2005,8,27
5803,2005,8,27
5202,2005,8,27
6904,2005,8,27
7707,2005,8,27
9504,2005,8,27
8609,2005,8,27
7502,2005,8,27
8302,2005,2,27
7703,2005,8,27
6302,2005,8,27
2904,2005,8,27
2907,2005,8,27
8503,2005,8,27
2402,2005,8,27
7107,2005,8,27
609,2005,8,27
7904,2005,8,27
7002,2005,8,27
1403,2005,8,27
6704,2005,8,27
6109,2005,8,27
1709,2005,8,27
1002,2005,8,27
1009,2005,8,27
2909,2005,8,27
8504,2005,8,27
2009,2005,8,27
203,2005,8,27
1607,2005,8,27
4603,2005,8,27
3509,2005,8,27
9603,2005,8,27
4104,2005,8,27
509,2005,8,27
2109,2005,8,27
6804,2005,8,27
5603,2005,8,27
6102,2005,8,27
5202,2004,9,27
9204,2005,8,27
7204,2005,8,27
3307,2005,8,27
2303,2005,8,27
809,2005,8,27
9806,2005,5,27
3807,2005,8,27
2307,2005,8,27
5203,2005,8,27
1407,2005,8,27
4004,2005,8,27
7807,2005,8,27
4907,2005,8,27
4703,2005,8,27
4109,2005,8,27
9806,2004,10,27
9103,2005,8,27
7907,2005,8,27
603,2005,8,27
8309,2005,8,27
8202,2005,2,27
8007,2005,8,27
4704,2005,8,27
107,2005,8,27
909,2005,8,27
3007,2005,8,27
8407,2005,8,27
6204,2005,8,27
8707,2005,8,27
2604,2005,8,27
5404,2005,8,27
8603,2005,8,27
8604,2005,8,27
9704,2005,8,27
2704,2005,8,27
2609,2005,8,27
5904,2005,8,27
8002,2005,8,27
1904,2005,8,27
2502,2005,8,27
2804,2005,8,27
2103,2005,8,27
5302,2005,8,27
9909,2005,8,27
4307,2005,8,27
8209,2005,8,27
302,2005,8,27
5103,2005,8,27
9302,2005,8,27
3207,2005,8,27
2504,2005,8,27
7804,2005,8,27
7307,2005,8,27
5104,2005,8,27
8602,2005,2,27
7402,2005,8,27
3702,2005,8,27
3303,2005,8,27
6604,2005,8,27
3109,2005,8,27
3502,2005,8,27
902,2005,8,27
907,2005,8,27
704,2005,8,27
8507,2005,8,27
3607,2005,8,27
3304,2005,8,27
3003,2005,8,27
4102,2005,8,27
2807,2005,8,27
3909,2005,8,27
7003,2005,8,27
4203,2005,8,27
7007,2005,8,27
4802,2005,8,27
7303,2005,8,27
1007,2005,8,27
503,2005,8,27
402,2005,8,27
2607,2005,8,27
3204,2005,8,27
5303,2005,8,27
1103,2005,8,27
1602,2005,8,27
6503,2005,8,27
2204,2005,8,27
2503,2005,8,27
5204,2005,8,27
2102,2005,8,27
3709,2005,8,27
4507,2005,8,27
9503,2005,8,27
3202,2005,8,27
5804,2005,8,27
9806,2005,2,27
7302,2005,8,27
1207,2005,8,27
6002,2005,8,27
8709,2005,8,27
3209,2005,8,27
7503,2005,8,27
2603,2005,8,27
1807,2005,8,27
6104,2005,8,27
309,2005,8,27
7403,2005,8,27
9002,2005,8,27
807,2005,8,27
7604,2005,8,27
9402,2005,8,27
3407,2005,8,27
3402,2004,9,27
4804,2005,8,27
2404,2005,8,27
3002,2005,8,27
4903,2005,8,27
8302,2005,8,27
9709,2005,8,27
3309,2005,8,27
2207,2005,8,27
1609,2005,8,27
1702,2004,9,27
6009,2005,8,27
7407,2005,8,27
4409,2005,8,27
3802,2005,8,27
2007,2005,8,27
4302,2005,8,27
3107,2005,8,27
8402,2005,8,27
4504,2005,8,27
2202,2005,8,27
8602,2005,8,27
1003,2005,8,27
1203,2005,8,27
7602,2005,8,27
4502,2005,8,27
9209,2005,8,27
304,2005,8,27
4707,2005,8,27
9202,2005,8,27
604,2005,8,27
8402,2005,2,27
8004,2005,8,27
202,2005,8,27
2809,2005,8,27
4402,2005,8,27
1402,2005,8,27
7902,2005,8,27
1102,2005,8,27
1703,2005,8,27
7603,2005,8,27
3504,2005,8,27
4303,2005,8,27
9104,2005,8,27
2004,2005,8,27
2707,2005,8,27
5802,2004,9,27
6404,2005,8,27
4803,2005,8,27
403,2005,8,27
4403,2005,8,27
4607,2005,8,27
303,2005,8,27
3009,2005,8,27
703,2005,8,27
1909,2005,8,27
9604,2005,8,27
3602,2005,8,27
1204,2005,8,27
3403,2005,8,27
3507,2005,8,27
4107,2005,8,27
4007,2005,8,27
507,2005,8,27
7202,2005,8,27
3302,2005,8,27
4702,2005,8,27
9002,2005,2,27
2509,2005,8,27
502,2005,8,27
3704,2005,8,27
209,2005,8,27
7404,2005,8,27
3609,2005,8,27
2702,2005,8,27
8409,2005,8,27
3409,2005,8,27
5604,2005,8,27
3604,2005,8,27
1302,2005,8,27
3804,2005,8,27
3402,2005,8,27
1107,2005,8,27
5403,2005,8,27
8204,2005,8,27
8404,2005,8,27
1202,2005,8,27
307,2005,8,27
3502,2005,2,27
1707,2005,8,27
5002,2005,8,27
1104,2005,8,27
5102,2005,8,27
707,2005,8,27
2309,2005,8,27
8607,2005,8,27
1004,2005,8,27
8803,2005,8,27
4003,2005,8,27
4102,2004,9,27
4207,2005,8,27
102,2005,8,27
4103,2005,8,27
9804,2005,8,27
3102,2005,8,27
6202,2005,8,27
9409,2005,8,27
2402,2005,2,28
3109,2005,2,28
3403,2005,2,28
8407,2005,2,28
3204,2005,2,28
6009,2005,2,28
1607,2005,2,28
9404,2005,2,28
4309,2005,2,28
2604,2005,2,28
4603,2005,2,28
9709,2005,2,28
1302,2005,2,28
2504,2005,2,28
2209,2005,2,28
502,2004,9,28
3402,2005,2,28
1904,2005,2,28
1509,2005,2,28
2203,2005,2,28
4902,2004,9,28
204,2005,2,28
4803,2005,2,28
5604,2005,2,28
2809,2005,2,28
7702,2005,2,28
5104,2005,2,28
9103,2005,2,28
5703,2005,2,28
9609,2005,2,28
2004,2005,2,28
9204,2005,2,28
9209,2005,2,28
4907,2005,2,28
3003,2005,2,28
5004,2005,2,28
404,2005,2,28
5102,2005,2,28
2009,2005,2,28
4504,2005,2,28
1207,2005,2,28
1002,2005,2,28
507,2005,2,28
4704,2005,2,28
5403,2005,2,28
309,2005,2,28
9302,2005,2,28
1002,2004,9,28
4204,2005,2,28
3704,2005,2,28
3509,2005,2,28
3807,2005,2,28
5803,2005,2,28
4807,2005,2,28
9303,2005,2,28
6109,2005,2,28
4207,2005,2,28
5503,2005,2,28
3707,2005,2,28
1404,2005,2,28
707,2005,2,28
609,2005,2,28
409,2005,2,28
2202,2005,2,28
4707,2005,2,28
807,2005,2,28
3202,2005,2,28
8902,2005,2,28
3207,2005,2,28
3107,2005,2,28
5204,2005,2,28
2707,2005,2,28
8404,2005,2,28
202,2005,2,28
6404,2005,2,28
4607,2005,2,28
1602,2005,2,28
4109,2005,2,28
8007,2005,2,28
8004,2005,2,28
1202,2004,9,28
3504,2005,2,28
3102,2005,2,28
4209,2005,2,28
3507,2005,2,28
4407,2005,2,28
4202,2005,2,28
303,2005,2,28
6503,2005,2,28
1004,2005,2,28
3909,2005,2,28
3009,2005,2,28
703,2005,2,28
7402,2005,2,28
7007,2005,2,28
8403,2005,2,28
4703,2005,2,28
2102,2005,2,28
902,2005,2,28
2904,2005,2,28
6302,2005,2,28
3302,2005,2,28
4102,2005,2,28
2607,2005,2,28
9604,2005,2,28
7804,2005,2,28
107,2005,2,28
3304,2005,2,28
4904,2005,2,28
7403,2005,2,28
5502,2005,2,28
8603,2005,2,28
7102,2005,2,28
5202,2005,2,28
1307,2005,2,28
8204,2005,2,28
6304,2005,2,28
1203,2005,2,28
4107,2005,2,28
8504,2005,2,28
5804,2005,2,28
7204,2005,2,28
2307,2005,2,28
1103,2005,2,28
3609,2005,2,28
9804,2005,2,28
7003,2005,2,28
7104,2005,2,28
2609,2005,2,28
402,2004,9,28
9409,2005,2,28
4409,2005,2,28
3307,2005,2,28
604,2005,2,28
7603,2005,2,28
6004,2005,2,28
302,2005,2,28
6803,2005,3,28
2907,2005,2,28
203,2005,2,28
7703,2005,2,28
302,2004,9,28
4502,2005,2,28
8102,2005,2,28
9104,2005,2,28
902,2004,9,28
1102,2005,2,28
9806,2005,3,28
8507,2005,2,28
7407,2005,2,28
6703,2005,2,28
8309,2005,2,28
704,2005,2,28
2103,2005,2,28
2104,2005,2,28
103,2005,2,28
3802,2005,2,28
5103,2005,2,28
6904,2005,2,28
4307,2005,2,28
4003,2005,2,28
3209,2005,2,28
9309,2005,2,28
3503,2005,2,28
504,2005,2,28
9806,2005,4,28
8703,2005,2,28
7507,2005,2,28
8707,2005,2,28
6902,2005,2,28
8709,2005,2,28
3602,2005,2,28
9402,2005,2,28
5504,2005,2,28
7503,2005,2,28
6903,2005,2,28
3809,2005,2,28
903,2005,2,28
502,2005,2,28
403,2005,2,28
2602,2005,2,28
4804,2005,2,28
1502,2005,2,28
5404,2005,2,28
4403,2005,2,28
1909,2005,2,28
4903,2005,2,28
1107,2005,2,28
6204,2005,2,28
2502,2005,2,28
7807,2005,2,28
5302,2005,2,28
8109,2005,2,28
2909,2005,2,28
4104,2005,2,28
1104,2005,2,28
2304,2005,2,28
1402,2005,2,28
5903,2005,2,28
4402,2005,2,28
8607,2005,2,28
5304,2005,2,28
4802,2004,9,28
4302,2005,2,28
6104,2005,2,28
3607,2005,2,28
4503,2005,2,28
3604,2005,2,28
5203,2005,2,28
9806,2005,7,28
3407,2005,2,28
2404,2005,2,28
3007,2005,2,28
7303,2005,2,28
2309,2005,2,28
5002,2005,2,28
7107,2005,2,28
2303,2005,2,28
6002,2005,2,28
4802,2005,2,28
7304,2005,2,28
4507,2005,2,28
2509,2005,2,28
6102,2005,2,28
304,2005,2,28
2702,2005,2,28
1709,2005,2,28
8409,2005,2,28
3603,2005,2,28
509,2005,2,28
2804,2005,2,28
4604,2005,2,28
3409,2005,2,28
8604,2005,2,28
1807,2005,2,28
5802,2005,2,28
3702,2005,2,28
7907,2005,2,28
4007,2005,2,28
2503,2005,2,28
1102,2004,9,28
2704,2005,2,28
6803,2005,2,28
8209,2005,2,28
7904,2005,2,28
4103,2005,2,28
1003,2005,2,28
2409,2005,2,28
7002,2005,2,28
209,2005,2,28
5303,2005,2,28
6202,2005,2,28
402,2005,2,28
1204,2005,2,28
4004,2005,2,28
5602,2005,2,28
3303,2005,2,28
9704,2005,2,28
7103,2005,2,28
6604,2005,2,28
503,2005,2,28
1109,2005,2,28
3004,2005,2,28
603,2005,2,28
102,2005,2,28
2407,2005,2,28
3709,2005,2,28
5603,2005,2,28
5402,2005,2,28
809,2005,2,28
1403,2005,2,28
9909,2005,2,28
9504,2005,2,28
1007,2005,2,28
4902,2005,2,28
3902,2005,2,28
9304,2005,2,28
3309,2005,2,28
4404,2005,2,28
1304,2005,2,28
6403,2005,2,28
6704,2005,2,28
9202,2005,2,28
2204,2005,2,28
407,2005,2,28
1704,2005,2,28
7202,2005,2,28
4202,2005,7,28
2007,2005,2,28
1702,2005,2,28
7502,2005,2,28
7602,2005,2,28
8702,2005,2,28
1202,2005,2,28
6804,2005,2,28
9603,2005,2,28
4303,2005,2,28
5904,2005,2,28
3103,2005,2,28
1302,2004,9,28
8609,2005,2,28
7307,2005,2,28
802,2004,9,28
7004,2005,2,28
1609,2005,2,28
3804,2005,2,28
102,2004,9,28
4203,2005,2,28
307,2005,2,28
909,2005,2,28
9503,2005,2,28
1707,2005,2,28
6203,2005,2,28
709,2005,2,28
7704,2005,2,28
2807,2005,2,28
7707,2005,2,28
1407,2005,2,28
907,2005,2,28
802,2005,2,28
8803,2005,2,28
9806,2004,11,28
7404,2005,2,28
5704,2005,2,28
2603,2005,2,28
7902,2005,2,28
1009,2005,2,28
4702,2005,2,28
2207,2005,2,28
202,2004,9,28
8503,2005,2,28
8002,2005,2,28
8802,2005,2,28
2109,2005,2,28
1703,2005,2,28
7302,2005,2,28
3007,2004,11,29
3207,2004,11,29
4404,2004,11,29
2809,2004,11,29
8604,2004,11,29
5802,2004,11,29
9804,2004,11,29
3403,2004,11,29
4802,2004,11,29
2303,2004,11,29
707,2004,11,29
1407,2004,11,29
902,2004,11,29
5304,2004,11,29
3304,2004,11,29
6404,2004,11,29
5202,2004,11,29
5604,2004,11,29
2609,2004,11,29
6304,2004,11,29
1909,2004,11,29
2102,2004,8,29
704,2004,11,29
3809,2004,11,29
2007,2004,11,29
6803,2004,11,29
7004,2004,11,29
507,2004,11,29
2009,2004,11,29
1702,2004,8,29
7307,2004,11,29
807,2004,11,29
7902,2004,9,29
8109,2004,11,29
3602,2004,11,29
102,2004,11,29
7302,2004,9,29
5904,2004,11,29
5402,2004,11,29
2204,2004,11,29
3303,2004,11,29
603,2004,11,29
7104,2004,11,29
8402,2004,11,29
209,2004,11,29
7502,2004,11,29
2103,2004,11,29
3402,2004,11,29
4403,2004,11,29
903,2004,11,29
8004,2004,11,29
302,2004,11,29
8507,2004,11,29
8504,2004,11,29
3003,2004,11,29
6109,2004,11,29
5004,2004,11,29
8702,2004,11,29
2109,2004,11,29
1402,2004,9,29
6104,2004,11,29
7703,2004,11,29
2907,2004,11,29
9309,2004,11,29
1807,2004,11,29
5502,2004,11,29
1103,2004,11,29
5504,2004,11,29
2102,2004,11,29
1104,2004,11,29
7807,2004,11,29
7402,2004,9,29
7202,2004,11,29
1609,2004,11,29
8202,2004,11,29
304,2004,11,29
7603,2004,11,29
5103,2004,11,29
2602,2004,11,29
6904,2004,11,29
7907,2004,11,29
2603,2004,11,29
8202,2004,9,29
4407,2004,11,29
6203,2004,11,29
3209,2004,11,29
8503,2004,11,29
9209,2004,11,29
1004,2004,11,29
7204,2004,11,29
5903,2004,11,29
103,2004,11,29
709,2004,11,29
2804,2004,11,29
4803,2004,11,29
4004,2004,11,29
2607,2004,11,29
2502,2004,11,29
6002,2004,11,29
9709,2004,11,29
4302,2004,11,29
1307,2004,11,29
3804,2004,11,29
4604,2004,11,29
3302,2004,11,29
4309,2004,11,29
303,2004,11,29
3807,2004,11,29
7107,2005,3,29
9909,2004,11,29
4607,2004,11,29
5203,2004,11,29
2203,2004,11,29
7904,2004,11,29
3009,2004,11,29
8602,2004,11,29
5303,2004,11,29
504,2004,11,29
8802,2004,11,29
6903,2004,11,29
907,2004,11,29
4703,2004,11,29
2503,2004,11,29
7402,2004,11,29
9609,2004,11,29
5503,2004,11,29
8407,2004,11,29
7403,2004,11,29
4807,2004,11,29
309,2004,11,29
3707,2004,11,29
4603,2004,11,29
1502,2004,8,29
3103,2004,11,29
9302,2004,11,29
1007,2004,11,29
7007,2004,11,29
3902,2004,11,29
4707,2004,11,29
9409,2004,11,29
8703,2004,11,29
2407,2004,11,29
3909,2004,11,29
1203,2004,11,29
2904,2004,11,29
3507,2004,11,29
1002,2004,11,29
8902,2004,11,29
1804,2004,11,29
403,2004,11,29
9202,2004,11,29
3307,2004,11,29
4504,2004,11,29
4702,2005,7,29
1703,2004,11,29
9603,2004,11,29
5602,2004,11,29
2402,2004,11,29
8603,2004,11,29
5204,2004,11,29
4104,2004,11,29
7202,2004,9,29
8802,2004,9,29
3702,2004,11,29
503,2004,11,29
4202,2004,11,29
8702,2004,9,29
7507,2004,11,29
2309,2004,11,29
9806,2005,6,29
1403,2004,11,29
2509,2004,11,29
6704,2004,11,29
2307,2004,11,29
4503,2004,11,29
9504,2004,11,29
5102,2004,11,29
1404,2004,11,29
2604,2004,11,29
6204,2004,11,29
3902,2005,7,29
402,2004,11,29
8404,2004,11,29
4907,2004,11,29
9104,2004,11,29
3504,2004,11,29
9503,2004,11,29
2807,2004,11,29
5104,2004,11,29
1207,2004,11,29
3609,2004,11,29
4103,2004,11,29
203,2004,11,29
9404,2004,11,29
703,2004,11,29
3204,2004,11,29
5703,2004,11,29
8707,2004,11,29
802,2004,11,29
1602,2004,11,29
8007,2004,11,29
502,2004,11,29
1204,2004,11,29
7902,2004,11,29
3502,2004,11,29
6703,2004,11,29
9402,2004,11,29
7102,2004,9,29
7002,2004,9,29
2202,2004,11,29
3202,2004,11,29
4802,2005,7,29
2104,2004,11,29
4904,2004,11,29
202,2004,11,29
4109,2004,11,29
1304,2004,11,29
307,2004,11,29
4207,2004,11,29
1702,2004,11,29
1302,2004,11,29
6604,2004,11,29
909,2004,11,29
7704,2004,11,29
1709,2004,11,29
2004,2004,11,29
4903,2004,11,29
7702,2004,11,29
8102,2004,11,29
2702,2004,11,29
4307,2004,11,29
204,2004,11,29
3102,2004,11,29
4107,2004,11,29
7503,2004,11,29
4902,2004,11,29
8709,2004,11,29
3503,2004,11,29
9604,2004,11,29
7707,2004,11,29
4702,2004,11,29
404,2004,11,29
9002,2004,9,29
3607,2004,11,29
6202,2004,11,29
4203,2004,11,29
3109,2004,11,29
1109,2004,11,29
4804,2004,11,29
604,2004,11,29
8204,2004,11,29
2909,2004,11,29
6302,2004,11,29
8302,2004,9,29
8309,2004,11,29
3704,2004,11,29
3309,2004,11,29
2707,2004,11,29
5703,2004,12,29
5803,2004,11,29
3509,2004,11,29
5002,2004,11,29
2409,2004,11,29
1509,2004,11,29
9304,2004,11,29
4409,2004,11,29
7002,2004,11,29
6009,2004,11,29
2504,2004,11,29
7103,2004,11,29
6403,2004,11,29
9204,2004,11,29
7602,2004,11,29
9002,2004,11,29
4003,2004,11,29
6503,2004,11,29
4007,2004,11,29
7302,2004,11,29
3407,2004,11,29
9103,2004,11,29
2207,2004,11,29
8209,2004,11,29
8403,2004,11,29
5404,2004,11,29
2704,2004,11,29
4209,2004,11,29
4507,2004,11,29
407,2004,11,29
1202,2004,11,29
5302,2004,11,29
4303,2004,11,29
6902,2004,11,29
6804,2004,11,29
9303,2004,11,29
3709,2004,11,29
3604,2004,11,29
8302,2004,11,29
8409,2004,11,29
5603,2004,11,29
7407,2004,11,29
7304,2004,11,29
7003,2004,11,29
8607,2004,11,29
1102,2004,11,29
107,2004,11,29
4204,2004,11,29
8609,2004,11,29
1402,2004,11,29
7107,2004,11,29
5804,2004,11,29
2404,2004,11,29
9704,2004,11,29
809,2004,11,29
3409,2004,11,29
5704,2004,11,29
509,2004,11,29
3004,2004,11,29
7804,2004,11,29
1009,2004,11,29
2304,2004,11,29
7404,2004,11,29
6004,2004,11,29
2209,2004,11,29
4704,2004,11,29
3802,2004,11,29
3603,2004,11,29
6102,2004,11,29
1607,2004,11,29
1904,2004,11,29
1707,2004,11,29
4502,2004,11,29
8002,2004,11,29
409,2004,11,29
8803,2004,11,29
7303,2004,11,29
5403,2004,11,29
1107,2004,11,29
609,2004,11,29
4102,2004,11,29
1502,2004,11,29
3107,2004,11,29
1704,2004,11,29
1003,2004,11,29
7102,2004,11,29
4507,2005,6,30
6202,2004,12,30
8707,2005,6,30
1602,2005,3,30
2307,2005,6,30
1602,2004,12,30
8209,2005,4,30
2603,2005,6,30
9103,2004,9,30
7004,2004,9,30
4204,2005,3,30
2409,2005,6,30
4904,2005,3,30
2303,2005,6,30
5603,2004,9,30
6202,2005,4,30
8503,2004,9,30
8503,2005,4,30
3403,2004,9,30
2804,2004,9,30
2103,2004,9,30
4107,2004,12,30
303,2005,3,30
3309,2005,3,30
7603,2005,6,30
4007,2005,4,30
9204,2005,6,30
9309,2004,9,30
8309,2004,9,30
8604,2005,4,30
2304,2004,9,30
3809,2005,4,30
3302,2004,12,30
703,2004,12,30
8402,2004,12,30
3503,2005,3,30
8602,2005,6,30
7202,2004,12,30
309,2005,6,30
202,2004,8,30
5203,2005,3,30
7804,2004,12,30
6403,2005,3,30
8407,2005,4,30
8603,2004,12,30
3303,2005,4,30
4503,2005,6,30
102,2005,6,30
7403,2004,9,30
507,2004,12,30
1709,2004,9,30
303,2004,9,30
2309,2005,3,30
8204,2005,3,30
802,2005,3,30
8102,2005,6,30
6703,2005,6,30
3304,2004,12,30
6604,2004,9,30
1703,2004,9,30
4204,2004,9,30
304,2004,9,30
1302,2005,4,30
4904,2005,6,30
7202,2005,6,30
6202,2005,6,30
1103,2005,6,30
6009,2004,9,30
6503,2005,3,30
2904,2004,12,30
7503,2005,4,30
8709,2005,3,30
1502,2005,6,30
1003,2005,4,30
1204,2004,12,30
8803,2005,3,30
102,2004,8,30
3902,2005,6,30
5503,2005,3,30
1103,2005,4,30
3202,2005,4,30
8004,2004,12,30
4104,2005,6,30
9604,2004,12,30
1502,2004,9,30
1007,2005,6,30
4507,2005,3,30
6904,2005,6,30
4702,2004,12,30
1007,2004,12,30
2509,2005,4,30
3709,2005,4,30
2804,2005,6,30
1102,2005,6,30
1807,2005,3,30
4103,2005,4,30
1509,2004,9,30
2309,2005,6,30
5903,2005,3,30
5704,2005,6,30
3807,2005,4,30
3002,2005,4,30
8609,2005,3,30
8302,2005,6,30
1102,2005,3,30
7503,2005,6,30
3303,2005,3,30
8007,2004,9,30
2007,2004,9,30
1009,2004,9,30
2504,2005,6,30
2809,2005,3,30
3902,2005,3,30
7407,2005,3,30
9804,2004,12,30
2009,2004,12,30
4302,2004,12,30
7402,2005,4,30
3709,2005,3,30
7107,2005,4,30
3207,2004,9,30
4703,2004,12,30
5704,2005,3,30
9309,2004,12,30
2607,2004,12,30
4103,2004,9,30
7507,2005,6,30
8702,2005,4,30
2804,2005,3,30
2004,2005,4,30
4904,2005,4,30
4307,2005,3,30
3004,2005,4,30
3602,2005,3,30
1402,2004,12,30
8604,2005,3,30
2604,2004,9,30
1007,2004,9,30
1403,2005,6,30
3109,2005,6,30
703,2005,6,30
6804,2004,9,30
5002,2005,4,30
903,2005,3,30
8504,2005,3,30
9209,2005,3,30
8607,2005,6,30
1407,2005,6,30
3007,2005,4,30
5802,2005,6,30
4107,2005,3,30
4109,2004,12,30
3009,2005,3,30
7502,2004,9,30
307,2004,9,30
409,2005,3,30
5903,2004,9,30
4302,2004,9,30
4603,2005,6,30
7703,2005,3,30
2304,2005,6,30
7704,2005,4,30
2209,2005,4,30
5804,2004,12,30
6002,2004,12,30
7602,2005,6,30
5402,2005,6,30
604,2004,9,30
6903,2004,12,30
7303,2005,6,30
1109,2005,3,30
4402,2004,12,30
7007,2004,12,30
2404,2004,12,30
3107,2005,6,30
3604,2004,9,30
5202,2004,12,30
3402,2005,3,30
4504,2004,9,30
7403,2005,6,30
1003,2005,6,30
8403,2005,4,30
8702,2005,6,30
1403,2005,4,30
1204,2005,6,30
5403,2005,3,30
5803,2004,12,30
4207,2005,3,30
1002,2005,6,30
2909,2004,12,30
3602,2004,12,30
504,2005,3,30
9402,2004,9,30
4102,2005,6,30
4502,2005,4,30
9002,2005,4,30
9603,2004,12,30
5204,2005,3,30
204,2004,12,30
6704,2004,9,30
3509,2005,6,30
1704,2004,9,30
7303,2004,12,30
3902,2005,4,30
6204,2004,12,30
8202,2005,3,30
4109,2004,9,30
1404,2005,6,30
8902,2004,9,30
3103,2004,12,30
2704,2005,3,30
7003,2004,12,30
9309,2005,6,30
1709,2005,4,30
5602,2005,4,30
3709,2004,9,30
4109,2005,3,30
9604,2005,4,30
6204,2005,3,30
5203,2004,12,30
704,2004,12,30
107,2005,4,30
8603,2005,3,30
8504,2005,4,30
3109,2005,3,30
6304,2005,6,30
2402,2005,4,30
4603,2004,12,30
2109,2004,9,30
4703,2005,6,30
6009,2005,6,30
5204,2004,12,30
503,2004,12,30
2504,2005,3,30
9302,2005,6,30
2602,2004,12,30
6703,2004,9,30
3507,2005,6,30
2309,2005,4,30
6104,2005,4,30
7304,2005,3,30
8703,2005,3,30
504,2004,9,30
3004,2004,12,30
1107,2005,3,30
2503,2005,6,30
1607,2004,12,30
3303,2005,6,30
7804,2004,9,30
3304,2005,6,30
6302,2005,4,30
9304,2005,3,30
8607,2004,9,30
1904,2005,4,30
7904,2005,4,30
6102,2004,12,30
2303,2004,12,30
6209,2005,4,30
7704,2005,6,30
209,2005,4,30
3804,2004,12,30
202,2005,4,30
8002,2005,6,30
5404,2004,12,30
7502,2005,4,30
5802,2005,3,30
6604,2005,6,30
4803,2005,3,30
2907,2005,3,30
907,2004,12,30
1302,2005,3,30
5803,2005,6,30
9504,2005,4,30
9804,2004,9,30
302,2005,4,30
8709,2004,9,30
6209,2005,6,30
3902,2004,12,30
4309,2004,9,30
6902,2005,6,30
6903,2005,3,30
2609,2004,9,30
3309,2005,4,30
2504,2004,9,30
9909,2004,12,30
1004,2005,3,30
8002,2004,9,30
2203,2005,3,30
404,2005,4,30
4004,2005,4,30
3607,2004,12,30
3204,2005,3,30
3209,2004,12,30
8004,2005,3,30
3202,2004,9,30
704,2005,6,30
5303,2005,3,30
1002,2005,3,30
6902,2005,3,30
2109,2005,4,30
5402,2005,4,30
2307,2005,3,30
2907,2005,4,30
1103,2004,12,30
6104,2005,6,30
9303,2004,9,30
8507,2004,9,30
9604,2005,3,30
1202,2005,4,30
402,2005,4,30
4302,2005,4,30
6109,2005,4,30
8309,2005,6,30
609,2005,4,30
4402,2005,6,30
2707,2005,4,30
3204,2004,9,30
9704,2004,9,30
4203,2005,6,30
3007,2004,9,30
3407,2005,4,30
3502,2005,3,30
3009,2005,4,30
3507,2004,12,30
3303,2004,9,30
8402,2005,3,30
2004,2004,9,30
7407,2004,12,30
8302,2005,3,30
9709,2004,9,30
5404,2005,4,30
9603,2004,9,30
404,2005,6,30
3603,2004,12,30
7307,2005,6,30
3207,2005,6,30
209,2005,6,30
8209,2004,12,30
1609,2005,3,30
1609,2004,9,30
2702,2005,6,30
2909,2005,4,30
1302,2004,12,30
3102,2004,12,30
5104,2004,12,30
8703,2005,4,30
1007,2005,3,30
8709,2004,12,30
5004,2004,9,30
409,2004,9,30
4209,2004,12,30
107,2005,6,30
2509,2004,9,30
5504,2005,3,30
3202,2005,3,30
3304,2005,4,30
2707,2005,6,30
5204,2004,9,30
4603,2005,3,30
907,2004,9,30
6203,2004,9,30
7407,2004,9,30
7302,2005,3,30
3103,2005,3,30
4007,2005,3,30
502,2005,3,30
5104,2005,6,30
1307,2004,12,30
5803,2004,9,30
2203,2005,6,30
303,2005,4,30
9104,2005,3,30
7804,2005,3,30
5603,2005,6,30
4209,2005,3,30
4407,2005,3,30
6704,2004,12,30
4307,2005,4,30
3007,2004,12,30
907,2005,3,30
9504,2005,6,30
8407,2004,12,30
2402,2004,12,30
509,2005,4,30
709,2004,12,30
8109,2004,12,30
8402,2005,6,30
7404,2005,6,30
6102,2005,4,30
9704,2005,4,30
5204,2005,4,30
9302,2005,4,30
4707,2005,3,30
704,2005,3,30
404,2004,12,30
3204,2005,6,30
4502,2005,3,30
5104,2005,3,30
7204,2004,9,30
4409,2005,3,30
309,2004,10,30
2609,2005,6,30
2103,2005,3,30
7707,2004,9,30
6904,2005,3,30
7907,2004,12,30
2809,2004,12,30
2702,2004,12,30
9709,2004,12,30
4004,2004,12,30
4403,2005,3,30
2202,2005,4,30
7302,2005,6,30
4303,2005,4,30
302,2004,12,30
503,2004,9,30
1307,2005,3,30
8803,2004,9,30
5304,2005,6,30
1509,2005,3,30
2103,2004,12,30
6704,2005,3,30
3704,2004,9,30
4107,2005,6,30
4209,2004,9,30
5404,2005,3,30
609,2005,3,30
1909,2005,4,30
8409,2005,3,30
9409,2005,6,30
6009,2005,3,30
3702,2005,4,30
8004,2005,4,30
7202,2005,4,30
2207,2005,3,30
8102,2005,4,30
1302,2005,6,30
3304,2005,3,30
4003,2005,3,30
3309,2004,12,30
6902,2004,9,30
7804,2005,6,30
2307,2004,12,30
102,2005,3,30
3309,2004,9,30
6104,2004,9,30
2603,2004,9,30
2104,2005,4,30
1704,2005,3,30
4704,2004,9,30
7007,2004,9,30
2307,2004,9,30
7702,2005,6,30
8004,2005,6,30
1509,2005,6,30
2909,2005,6,30
2904,2004,9,30
7407,2005,6,30
507,2005,6,30
4503,2005,4,30
6804,2005,3,30
5403,2004,12,30
6203,2005,3,30
5404,2005,6,30
4804,2005,3,30
2509,2005,3,30
6403,2005,4,30
8607,2005,3,30
8507,2004,12,30
5303,2005,4,30
204,2005,4,30
7807,2005,4,30
6304,2004,9,30
3204,2005,4,30
4104,2005,3,30
4903,2005,6,30
903,2004,9,30
6004,2004,12,30
7904,2004,9,30
2009,2005,4,30
8609,2004,9,30
9804,2005,4,30
5604,2005,6,30
703,2005,3,30
3307,2005,3,30
9202,2005,3,30
2604,2005,4,30
3307,2004,9,30
4303,2005,3,30
2009,2005,3,30
5402,2005,3,30
1702,2005,3,30
2407,2004,12,30
2807,2005,4,30
4907,2005,3,30
1002,2005,4,30
9909,2005,4,30
9202,2005,4,30
4307,2005,6,30
509,2005,3,30
2509,2004,12,30
4903,2005,4,30
3407,2004,12,30
3209,2005,3,30
3704,2005,6,30
3809,2005,6,30
4907,2004,9,30
3102,2005,6,30
2409,2005,4,30
7603,2005,4,30
9002,2005,6,30
5202,2005,4,30
3307,2005,6,30
1609,2005,4,30
3909,2004,12,30
8602,2005,4,30
4703,2005,4,30
502,2004,8,30
8703,2004,9,30
6403,2004,9,30
9704,2005,6,30
8602,2005,3,30
3103,2005,4,30
6109,2005,6,30
9302,2004,9,30
609,2005,6,30
5503,2005,6,30
1909,2004,12,30
2204,2004,9,30
3103,2005,6,30
4503,2005,3,30
9603,2005,3,30
209,2004,9,30
1703,2004,12,30
304,2005,3,30
4603,2005,4,30
704,2004,9,30
7107,2004,9,30
7702,2004,12,30
8202,2005,4,30
103,2004,9,30
4804,2004,12,30
5102,2004,12,30
4702,2005,4,30
5004,2005,3,30
4302,2005,6,30
5502,2005,3,30
5304,2005,3,30
7704,2004,9,30
2007,2005,4,30
9202,2004,9,30
5302,2005,4,30
7304,2004,9,30
2202,2005,6,30
7807,2005,3,30
1807,2004,12,30
1202,2004,8,30
6009,2005,4,30
2809,2005,4,30
9104,2004,9,30
4504,2005,4,30
6904,2004,8,30
9504,2004,12,30
7304,2004,12,30
6104,2005,3,30
4903,2005,3,30
1404,2005,3,30
3207,2005,3,30
3209,2005,4,30
3103,2004,9,30
307,2004,12,30
4409,2004,9,30
8902,2005,4,30
707,2005,3,30
8404,2005,4,30
4004,2005,6,30
3909,2005,4,30
4107,2004,9,30
2409,2004,12,30
7602,2004,12,30
3604,2004,12,30
2204,2005,6,30
8607,2004,12,30
5304,2004,9,30
1207,2005,6,30
2407,2005,6,30
6604,2005,3,30
1009,2004,12,30
509,2004,12,30
2007,2005,3,30
1304,2005,6,30
3609,2005,4,30
9609,2005,3,30
3509,2005,3,30
4607,2005,6,30
604,2005,4,30
2303,2005,4,30
8007,2005,4,30
1103,2005,3,30
8707,2004,9,30
9609,2005,4,30
5002,2005,3,30
6102,2004,9,30
3909,2004,9,30
3607,2005,3,30
1602,2004,9,30
2804,2004,12,30
8407,2005,6,30
5803,2005,3,30
407,2005,6,30
2407,2005,4,30
1607,2005,3,30
6304,2004,12,30
4104,2005,4,30
1204,2005,4,30
2909,2005,3,30
2407,2005,3,30
2503,2004,9,30
5302,2005,3,30
603,2005,4,30
309,2005,4,30
1403,2005,3,30
9409,2004,9,30
4407,2004,9,30
2807,2004,12,30
2909,2004,9,30
3009,2004,12,30
409,2004,12,30
704,2005,4,30
6704,2005,4,30
3102,2005,3,30
1709,2004,12,30
5004,2005,4,30
209,2005,3,30
8403,2004,9,30
7807,2004,12,30
8803,2005,6,30
4404,2004,9,30
4603,2004,9,30
1402,2005,6,30
8204,2005,4,30
2004,2004,12,30
2502,2004,12,30
7007,2005,6,30
4803,2005,4,30
2609,2005,4,30
9404,2005,4,30
4907,2004,12,30
707,2004,12,30
7507,2005,3,30
7603,2005,3,30
5804,2005,3,30
3802,2005,6,30
709,2005,4,30
3509,2005,4,30
3909,2005,3,30
4407,2005,6,30
9302,2004,12,30
2209,2004,12,30
1602,2004,8,30
4202,2005,3,30
509,2004,9,30
1003,2005,3,30
5704,2005,4,30
9709,2005,4,30
909,2004,12,30
3102,2005,4,30
409,2005,6,30
1307,2005,4,30
2009,2005,6,30
4703,2005,3,30
7204,2005,3,30
107,2004,12,30
609,2004,12,30
3502,2005,6,30
203,2005,4,30
5804,2005,6,30
8202,2004,12,30
9104,2004,12,30
1204,2004,9,30
2607,2004,9,30
1407,2004,12,30
8902,2004,12,30
9409,2005,3,30
5704,2004,9,30
7702,2005,3,30
7304,2005,6,30
4904,2004,9,30
4402,2005,4,30
5402,2004,12,30
3102,2004,9,30
1607,2005,6,30
4802,2004,12,30
2407,2004,9,30
3003,2004,9,30
807,2005,4,30
203,2005,3,30
2609,2004,12,30
7004,2005,3,30
5102,2005,3,30
6302,2005,3,30
4409,2005,6,30
6404,2004,9,30
5603,2005,3,30
4702,2005,3,30
5103,2004,12,30
9002,2004,12,30
4807,2004,12,30
7407,2005,4,30
1407,2005,4,30
8504,2005,6,30
5002,2005,6,30
8607,2005,4,30
2202,2004,12,30
1203,2005,4,30
4607,2004,9,30
9402,2004,12,30
2609,2005,3,30
8302,2004,12,30
202,2005,3,30
2704,2004,12,30
1609,2004,12,30
4004,2005,3,30
3709,2004,12,30
5903,2005,6,30
1102,2005,4,30
5104,2004,9,30
7503,2005,3,30
1203,2005,3,30
6204,2004,9,30
6004,2005,6,30
5102,2005,6,30
3807,2004,12,30
6902,2005,4,30
9209,2005,4,30
802,2004,8,30
1404,2004,12,30
102,2005,4,30
9303,2005,6,30
7007,2005,3,30
3607,2005,4,30
807,2005,6,30
8002,2004,12,30
7703,2005,4,30
6202,2004,9,30
4003,2005,4,30
3004,2004,9,30
3502,2005,4,30
6302,2004,12,30
4309,2004,12,30
3802,2004,12,30
9103,2004,12,30
1104,2005,4,30
7707,2005,6,30
5302,2005,6,30
604,2005,3,30
4907,2005,6,30
9404,2004,9,30
1703,2005,4,30
7707,2005,4,30
9609,2005,6,30
709,2005,6,30
2907,2004,9,30
503,2005,3,30
6402,2005,4,30
6102,2005,6,30
9704,2004,12,30
8609,2005,6,30
4104,2004,12,30
5503,2004,9,30
2104,2005,3,30
3809,2004,12,30
3603,2004,9,30
3509,2004,9,30
902,2005,3,30
3607,2004,9,30
1104,2004,12,30
1607,2005,4,30
103,2004,12,30
1107,2005,6,30
9104,2005,4,30
7003,2005,3,30
9404,2005,3,30
7103,2005,4,30
8803,2004,12,30
2202,2005,3,30
403,2004,12,30
102,2004,12,30
5604,2004,9,30
3507,2005,4,30
1404,2005,4,30
4604,2005,3,30
5703,2005,3,30
8709,2005,6,30
9804,2005,6,30
204,2005,6,30
4102,2005,4,30
2404,2005,4,30
903,2005,4,30
4703,2004,9,30
8309,2005,4,30
9104,2005,6,30
4707,2005,6,30
4203,2004,12,30
9806,2004,12,30
8503,2004,12,30
6204,2005,6,30
3503,2004,9,30
4802,2005,3,30
9202,2005,6,30
7307,2004,9,30
9404,2005,6,30
8707,2005,3,30
8802,2005,3,30
2807,2004,9,30
302,2005,6,30
4807,2004,9,30
7302,2005,4,30
4204,2005,6,30
402,2004,12,30
107,2005,3,30
3209,2005,6,30
604,2004,12,30
2704,2004,9,30
7104,2004,9,30
3503,2005,4,30
7904,2005,6,30
3407,2005,6,30
1304,2004,12,30
2604,2005,6,30
5802,2004,12,30
4102,2004,12,30
5803,2005,4,30
4103,2005,6,30
709,2005,3,30
1502,2005,4,30
1207,2005,4,30
903,2005,6,30
3302,2005,3,30
603,2005,6,30
1804,2004,9,30
6203,2004,12,30
8402,2004,9,30
5904,2005,3,30
1702,2004,12,30
309,2004,9,30
2103,2005,4,30
4902,2005,4,30
4607,2005,4,30
2904,2005,4,30
4207,2004,9,30
8409,2004,9,30
502,2005,6,30
7307,2004,12,30
9909,2004,9,30
609,2004,9,30
1707,2004,12,30
3704,2005,4,30
8602,2004,9,30
6902,2004,12,30
7002,2005,3,30
6004,2004,9,30
1707,2005,3,30
7303,2005,4,30
4804,2005,6,30
2102,2005,4,30
3802,2005,3,30
3002,2005,6,30
4803,2005,6,30
5004,2005,6,30
6109,2004,12,30
6204,2005,4,30
4307,2004,12,30
4702,2005,6,30
103,2005,4,30
4704,2004,12,30
7704,2005,3,30
909,2005,3,30
9503,2005,3,30
7307,2005,3,30
6503,2004,9,30
3004,2005,6,30
3707,2004,12,30
2209,2004,9,30
3009,2004,9,30
6604,2004,12,30
3804,2005,4,30
1203,2005,6,30
6302,2004,9,30
7902,2005,4,30
1004,2005,6,30
2309,2004,9,30
5204,2005,6,30
7107,2005,6,30
1709,2005,6,30
3909,2005,6,30
2304,2005,3,30
5603,2005,4,30
103,2005,3,30
2509,2005,6,30
902,2005,6,30
5103,2004,9,30
3109,2004,12,30
7402,2004,12,30
8604,2005,6,30
4507,2005,4,30
504,2005,6,30
9204,2004,9,30
4203,2005,3,30
3804,2005,3,30
4107,2005,4,30
3409,2004,12,30
1807,2005,6,30
7004,2005,4,30
4303,2005,6,30
2904,2005,3,30
7502,2005,3,30
2607,2005,6,30
3307,2004,12,30
9909,2005,3,30
6804,2004,12,30
6104,2004,12,30
8603,2005,4,30
507,2005,4,30
3609,2005,3,30
7404,2005,4,30
3809,2005,3,30
2007,2004,12,30
603,2004,12,30
309,2005,3,30
4403,2005,6,30
1703,2005,6,30
7703,2004,12,30
5504,2004,9,30
4707,2004,9,30
203,2004,12,30
4604,2005,6,30
7303,2004,9,30
6109,2004,9,30
5604,2005,4,30
8409,2005,6,30
3107,2004,9,30
2704,2005,4,30
1207,2005,3,30
302,2005,3,30
8703,2005,6,30
603,2004,9,30
9309,2005,3,30
509,2005,6,30
3202,2004,12,30
5202,2005,6,30
5502,2005,4,30
2103,2005,6,30
3209,2004,9,30
4404,2005,4,30
9402,2005,3,30
4802,2005,6,30
503,2005,4,30
3807,2005,3,30
7104,2005,6,30
2604,2004,12,30
8404,2004,12,30
7502,2005,6,30
7102,2004,12,30
1003,2004,9,30
1102,2004,12,30
4102,2005,7,30
4704,2005,6,30
7907,2005,6,30
809,2005,4,30
2004,2005,6,30
809,2004,12,30
6803,2004,9,30
3204,2004,12,30
5703,2004,9,30
9604,2005,6,30
7507,2004,9,30
7703,2004,9,30
9409,2005,4,30
3503,2005,6,30
7103,2004,12,30
5602,2004,12,30
1602,2005,6,30
4504,2005,3,30
7807,2005,6,30
4307,2004,9,30
5004,2004,12,30
3302,2004,9,30
2104,2004,12,30
1202,2004,12,30
303,2005,6,30
4507,2004,9,30
5904,2005,6,30
8403,2005,6,30
6803,2004,12,30
3504,2005,3,30
4804,2005,4,30
5002,2004,12,30
2109,2005,6,30
3509,2004,12,30
1502,2004,12,30
6002,2004,9,30
2102,2004,12,30
9603,2005,6,30
2303,2005,3,30
7002,2005,4,30
3003,2005,4,30
8702,2005,3,30
6903,2004,9,30
4502,2004,9,30
5704,2004,12,30
7904,2004,12,30
3702,2005,6,30
809,2005,6,30
5903,2005,4,30
8802,2004,12,30
6404,2005,4,30
1307,2005,6,30
407,2005,3,30
3503,2004,12,30
4503,2004,12,30
203,2005,6,30
1204,2005,3,30
902,2004,12,30
4007,2005,6,30
2907,2005,6,30
7704,2004,12,30
7007,2005,4,30
6002,2005,6,30
9503,2004,12,30
703,2005,4,30
1703,2005,3,30
3504,2005,6,30
1207,2004,9,30
7807,2004,9,30
8603,2004,9,30
707,2005,4,30
3507,2004,9,30
7404,2004,12,30
7003,2004,9,30
4309,2005,3,30
1607,2004,9,30
6002,2005,4,30
4003,2005,6,30
5504,2005,4,30
5602,2005,6,30
4803,2004,9,30
409,2005,4,30
7603,2004,9,30
5303,2004,12,30
2404,2005,6,30
8902,2005,3,30
7404,2004,9,30
5503,2005,4,30
1004,2004,12,30
9303,2004,12,30
5104,2005,4,30
9209,2005,6,30
2807,2005,6,30
4204,2004,12,30
3407,2005,3,30
8404,2005,6,30
5202,2005,3,30
6002,2005,3,30
1904,2005,3,30
1702,2005,6,30
4607,2004,12,30
1904,2004,9,30
5103,2005,3,30
7707,2005,3,30
1304,2005,3,30
1002,2004,12,30
9202,2004,12,30
2704,2005,6,30
202,2005,6,30
4203,2004,9,30
1102,2004,8,30
2102,2005,6,30
5904,2005,4,30
2304,2004,12,30
5203,2005,6,30
3702,2005,3,30
9303,2005,4,30
3707,2004,9,30
4003,2004,12,30
6404,2004,12,30
4607,2005,3,30
4203,2005,4,30
603,2005,3,30
4102,2005,3,30
2209,2005,3,30
9503,2004,9,30
5302,2004,12,30
8309,2004,12,30
6904,2005,4,30
3707,2005,4,30
8409,2005,4,30
4402,2005,3,30
2604,2005,3,30
6404,2005,3,30
9804,2005,3,30
1402,2005,4,30
3304,2004,9,30
8402,2005,4,30
5403,2004,9,30
3403,2005,3,30
2204,2005,3,30
2109,2004,12,30
6503,2005,4,30
3603,2005,3,30
7602,2004,9,30
3502,2004,12,30
8507,2005,4,30
1109,2004,12,30
4409,2005,4,30
5203,2005,4,30
5904,2004,9,30
6804,2005,4,30
907,2005,4,30
7707,2004,12,30
4303,2004,12,30
7102,2005,6,30
3603,2005,4,30
3507,2005,3,30
2204,2005,4,30
6403,2004,12,30
6304,2005,3,30
7402,2005,6,30
5502,2005,6,30
1304,2005,4,30
7004,2005,6,30
2707,2005,3,30
3707,2005,3,30
9204,2005,3,30
7602,2005,4,30
9709,2005,3,30
6304,2005,4,30
502,2004,12,30
5403,2005,4,30
4902,2005,3,30
8403,2004,12,30
7907,2005,3,30
9002,2005,3,30
7702,2005,4,30
2203,2005,4,30
1104,2005,3,30
4309,2005,6,30
507,2004,9,30
4604,2004,12,30
4403,2004,9,30
407,2004,9,30
7003,2005,4,30
3607,2005,6,30
8604,2004,9,30
7403,2005,4,30
4704,2005,4,30
7503,2004,12,30
8102,2004,9,30
2104,2004,9,30
3504,2005,4,30
1207,2004,12,30
2707,2004,12,30
1304,2004,9,30
4309,2005,4,30
304,2005,6,30
5903,2004,12,30
6604,2005,4,30
203,2004,9,30
9604,2004,9,30
9603,2005,4,30
3403,2004,12,30
809,2004,9,30
909,2005,4,30
304,2005,4,30
7303,2005,3,30
3709,2005,6,30
5804,2004,9,30
7307,2005,4,30
6703,2004,12,30
8007,2005,3,30
9402,2005,4,30
4003,2004,9,30
3403,2005,4,30
1807,2004,9,30
5404,2004,9,30
3003,2005,6,30
6004,2005,4,30
2404,2004,9,30
7102,2005,3,30
8803,2005,4,30
1107,2004,12,30
403,2005,3,30
3309,2005,6,30
1403,2004,12,30
8002,2005,3,30
1109,2005,4,30
2007,2005,6,30
4403,2004,12,30
8407,2005,3,30
7703,2005,6,30
3409,2005,4,30
4404,2005,3,30
309,2004,12,30
703,2004,9,30
2402,2005,3,30
2603,2005,4,30
4103,2005,3,30
9303,2005,3,30
3409,2005,3,30
6202,2005,3,30
909,2004,9,30
4904,2004,12,30
5904,2004,12,30
5504,2004,12,30
3804,2005,6,30
1909,2005,6,30
4004,2004,9,30
4407,2004,12,30
4202,2005,6,30
8902,2005,6,30
3003,2005,3,30
8309,2005,3,30
1009,2005,3,30
1909,2005,3,30
3604,2005,3,30
1502,2005,3,30
2603,2004,12,30
3807,2005,6,30
2607,2005,3,30
3107,2005,3,30
2503,2004,12,30
2404,2005,3,30
8109,2005,4,30
2207,2005,6,30
9209,2004,12,30
8403,2005,3,30
8504,2004,9,30
302,2004,8,30
7503,2004,9,30
9503,2005,4,30
304,2004,12,30
4303,2004,9,30
402,2004,8,30
403,2004,9,30
8604,2004,12,30
2309,2004,12,30
9609,2004,9,30
4302,2005,3,30
4803,2004,12,30
9103,2005,6,30
7004,2004,12,30
8802,2005,4,30
8102,2004,12,30
8407,2004,9,30
2104,2005,6,30
3403,2005,6,30
3009,2005,6,30
502,2005,4,30
9909,2005,6,30
1709,2005,3,30
9504,2004,9,30
7502,2004,12,30
7907,2005,4,30
5602,2005,3,30
8507,2005,6,30
3202,2005,6,30
2203,2004,12,30
3602,2005,4,30
204,2004,9,30
907,2005,6,30
9309,2005,4,30
8302,2005,4,30
2502,2005,3,30
2607,2005,4,30
407,2004,12,30
3107,2004,12,30
7403,2005,3,30
5504,2005,6,30
4807,2005,4,30
9304,2004,9,30
4707,2005,4,30
1104,2005,6,30
1707,2005,6,30
802,2005,4,30
2409,2004,9,30
7507,2005,4,30
4604,2004,9,30
807,2005,3,30
1004,2005,4,30
107,2004,9,30
2707,2004,9,30
3003,2004,12,30
3409,2004,9,30
7304,2005,4,30
503,2005,6,30
1407,2005,3,30
209,2004,12,30
8504,2004,12,30
6903,2005,4,30
3207,2005,4,30
2602,2005,3,30
4109,2005,6,30
6904,2004,12,30
3802,2005,4,30
7904,2005,3,30
4202,2004,12,30
1002,2004,8,30
3704,2004,12,30
4804,2004,9,30
8609,2004,12,30
6503,2005,6,30
1509,2005,4,30
6703,2005,4,30
5403,2005,6,30
709,2004,9,30
3402,2005,4,30
2809,2005,6,30
2702,2005,3,30
4404,2004,12,30
9704,2005,3,30
504,2005,4,30
3602,2005,6,30
4404,2005,6,30
3604,2005,6,30
6203,2005,4,30
1107,2005,4,30
3109,2005,4,30
707,2005,6,30
5103,2005,6,30
4204,2005,4,30
3809,2004,9,30
402,2005,3,30
7103,2005,3,30
5304,2004,12,30
8609,2005,4,30
9304,2005,4,30
6903,2005,6,30
3704,2005,3,30
4707,2004,12,30
7804,2005,4,30
7302,2004,12,30
1402,2005,3,30
4704,2005,3,30
9709,2005,6,30
9103,2005,4,30
2303,2004,9,30
1407,2004,9,30
2504,2004,12,30
6904,2004,9,30
3207,2004,12,30
2402,2005,6,30
6402,2005,6,30
5603,2004,12,30
2004,2005,3,30
3609,2004,9,30
4407,2005,4,30
4202,2005,4,30
3007,2005,3,30
5802,2005,4,30
1109,2004,9,30
5102,2005,4,30
2602,2005,6,30
3807,2004,9,30
204,2005,3,30
8603,2005,6,30
4403,2005,4,30
1807,2005,4,30
1403,2004,9,30
103,2005,6,30
7104,2005,4,30
7902,2005,6,30
4902,2005,6,30
8404,2004,9,30
2603,2005,3,30
3603,2005,6,30
403,2005,4,30
2207,2004,9,30
2503,2005,4,30
7402,2005,3,30
7202,2005,3,30
8409,2004,12,30
909,2005,6,30
8707,2005,4,30
7404,2005,3,30
7403,2004,12,30
809,2005,3,30
9409,2004,12,30
6203,2005,6,30
307,2005,3,30
9304,2005,6,30
6004,2005,3,30
6804,2005,6,30
2102,2005,3,30
9204,2004,12,30
2204,2004,12,30
7602,2005,3,30
9103,2005,3,30
4902,2005,7,30
9304,2004,12,30
2304,2005,4,30
7103,2005,6,30
3109,2004,9,30
1202,2005,6,30
4109,2005,4,30
4504,2005,6,30
4007,2004,9,30
1104,2004,9,30
4907,2005,4,30
4502,2004,12,30
3407,2004,9,30
8202,2005,6,30
3604,2005,4,30
8002,2005,4,30
303,2004,12,30
1602,2005,4,30
4902,2004,12,30
9204,2005,4,30
5604,2004,12,30
8204,2004,12,30
6404,2005,6,30
802,2005,6,30
404,2005,3,30
4504,2004,12,30
6503,2004,12,30
8007,2004,12,30
3702,2004,12,30
7003,2005,6,30
3303,2004,12,30
4807,2005,3,30
3504,2004,12,30
8204,2004,9,30
6703,2005,3,30
8709,2005,4,30
9302,2005,3,30
1203,2004,12,30
2702,2005,4,30
4103,2004,12,30
3302,2005,6,30
8707,2004,12,30
604,2005,6,30
2504,2005,4,30
3804,2004,9,30
902,2005,4,30
9504,2005,3,30
504,2004,12,30
3504,2004,9,30
5203,2004,9,30
2503,2005,3,30
3302,2005,4,30
6009,2004,12,30
9209,2004,9,30
2502,2005,4,30
1203,2004,9,30
2203,2004,9,30
2307,2005,4,30
802,2004,12,30
8109,2005,6,30
807,2004,12,30
2109,2005,3,30
7902,2004,12,30
7204,2005,4,30
1107,2004,9,30
1707,2005,4,30
3402,2004,12,30
403,2005,6,30
8602,2004,12,30
1202,2005,3,30
4802,2005,4,30
1009,2005,4,30
7102,2005,4,30
7603,2004,12,30
5503,2004,12,30
7103,2004,9,30
7702,2004,9,30
8802,2005,6,30
9404,2004,12,30
3307,2005,4,30
1609,2005,6,30
2207,2004,12,30
2807,2005,3,30
7104,2004,12,30
4502,2005,6,30
6302,2005,6,30
6102,2005,3,30
8209,2005,3,30
2904,2005,6,30
1007,2005,4,30
8702,2004,12,30
4507,2004,12,30
7907,2004,9,30
3609,2005,6,30
1004,2004,9,30
1009,2005,6,30
5303,2004,9,30
7204,2005,6,30
8007,2005,6,30
404,2004,9,30
2009,2004,9,30
4903,2004,12,30
7902,2005,3,30
7204,2004,12,30
5804,2005,4,30
1904,2004,12,30
402,2005,6,30
7002,2005,6,30
8109,2005,3,30
8404,2005,3,30
5502,2004,12,30
2207,2005,4,30
3402,2005,6,30
7104,2005,3,30
1103,2004,9,30
9503,2005,6,30
4007,2004,12,30
8102,2005,3,30
1003,2004,12,30
3004,2005,3,30
3107,2005,4,30
9402,2005,6,30
3707,2005,6,30
202,2004,12,30
1909,2004,9,30
4209,2005,6,30
903,2004,12,30
1509,2004,12,30
4503,2004,9,30
2409,2005,3,30
5304,2005,4,30
2907,2004,12,30
7107,2004,12,30
7402,2005,7,30
3007,2005,6,30
2804,2005,4,30
5303,2005,6,30
1302,2004,8,30
4207,2004,12,30
4209,2005,4,30
6403,2005,6,30
1109,2005,6,30
4207,2005,6,30
1404,2004,9,30
4207,2005,4,30
8703,2004,12,30
407,2005,4,30
8109,2004,9,30
307,2005,4,30
8004,2004,9,30
2502,2005,6,30
6109,2005,3,30
1307,2004,9,30
7507,2004,12,30
8503,2005,3,30
8209,2005,6,30
902,2004,8,30
4807,2005,6,30
8503,2005,6,30
6704,2005,6,30
507,2005,3,30
2809,2004,9,30
3609,2004,12,30
9609,2004,12,30
8507,2005,3,30
5604,2005,3,30
2209,2005,6,30
1904,2005,6,30
8204,2005,6,30
4104,2004,9,30
8209,2004,9,30
707,2004,9,30
307,2005,6,30
1702,2005,4,30
807,2004,9,30
1704,2004,12,30
4604,2005,4,30
3409,2005,6,30
7002,2004,12,30
2602,2005,4,30
5103,2005,4,30
4409,2004,12,30
1707,2004,9,30
8409,2005,7,31
4202,2005,5,31
3609,2004,10,31
2209,2004,10,31
3909,2004,8,31
7603,2005,5,31
909,2005,5,31
3604,2005,1,31
604,2005,7,31
5103,2005,7,31
7407,2005,1,31
5804,2004,8,31
1304,2005,1,31
2504,2005,5,31
802,2005,7,31
1909,2004,10,31
2707,2004,8,31
2704,2004,10,31
2509,2005,5,31
4309,2004,8,31
1804,2004,8,31
6209,2005,5,31
3303,2004,10,31
3402,2005,1,31
3407,2004,10,31
3809,2005,5,31
3103,2005,7,31
2103,2005,1,31
4504,2004,8,31
8707,2004,8,31
2804,2004,8,31
8703,2005,7,31
3709,2004,8,31
2702,2005,7,31
1607,2004,10,31
7702,2005,7,31
4003,2005,1,31
4207,2005,5,31
4607,2005,7,31
8503,2004,8,31
4703,2005,7,31
6804,2005,5,31
4307,2005,7,31
4309,2005,5,31
5203,2005,5,31
4409,2005,5,31
3607,2004,8,31
6203,2005,1,31
3503,2005,5,31
7202,2005,5,31
5502,2005,1,31
7104,2004,8,31
5604,2004,8,31
3807,2004,10,31
2502,2004,8,31
8802,2004,10,31
8607,2005,1,31
2203,2004,8,31
6403,2005,7,31
903,2005,5,31
1204,2005,7,31
507,2005,7,31
1607,2005,5,31
6704,2004,10,31
8703,2005,1,31
2409,2005,5,31
8504,2005,1,31
9604,2004,8,31
7303,2004,8,31
4503,2005,1,31
7307,2005,1,31
5502,2005,7,31
6104,2004,8,31
9503,2004,10,31
5502,2004,8,31
4803,2005,5,31
3109,2004,10,31
1109,2004,10,31
9002,2005,1,31
8902,2004,10,31
809,2005,5,31
3407,2005,1,31
709,2004,8,31
1307,2005,7,31
1707,2005,5,31
2109,2004,10,31
1104,2005,1,31
1004,2004,8,31
2207,2005,1,31
5002,2004,8,31
2303,2004,10,31
1302,2004,10,31
5602,2005,1,31
7402,2005,1,31
8403,2005,1,31
5104,2004,8,31
8504,2004,10,31
3409,2005,7,31
7004,2005,5,31
3502,2005,5,31
604,2005,5,31
2503,2004,10,31
6302,2004,10,31
7007,2004,10,31
4409,2004,8,31
3209,2004,10,31
502,2004,10,31
3809,2005,7,31
2303,2005,5,31
8803,2005,5,31
7404,2004,8,31
5504,2004,10,31
5402,2004,10,31
6402,2005,7,31
9503,2004,8,31
3309,2004,8,31
203,2005,7,31
7404,2005,5,31
1407,2004,8,31
8709,2004,10,31
1609,2005,5,31
6903,2004,10,31
2509,2005,7,31
1509,2004,10,31
102,2005,1,31
2307,2005,1,31
4207,2005,7,31
9504,2005,5,31
7104,2004,10,31
1104,2005,7,31
3602,2005,7,31
5404,2005,1,31
102,2004,10,31
2807,2005,7,31
3809,2004,8,31
2204,2005,1,31
509,2005,5,31
6904,2005,7,31
1609,2005,7,31
2603,2005,5,31
8402,2004,8,31
8302,2004,8,31
8404,2005,7,31
5004,2004,10,31
7602,2005,7,31
1007,2004,8,31
209,2005,7,31
2503,2004,8,31
4603,2004,8,31
2304,2005,1,31
4109,2004,8,31
2607,2005,1,31
4907,2004,10,31
9104,2004,8,31
4404,2004,8,31
7003,2004,10,31
2503,2005,7,31
6804,2004,10,31
5903,2004,10,31
5602,2004,8,31
5604,2005,7,31
2402,2005,1,31
8002,2004,8,31
3502,2004,10,31
5403,2005,1,31
6304,2005,1,31
3209,2005,5,31
2307,2005,5,31
403,2004,8,31
1104,2004,10,31
4702,2005,1,31
7204,2005,5,31
1509,2005,7,31
8202,2005,7,31
4903,2005,1,31
4402,2004,8,31
7907,2005,7,31
4103,2005,5,31
8202,2004,10,31
3109,2005,5,31
3807,2004,8,31
7907,2004,10,31
4707,2005,5,31
2503,2005,1,31
7502,2005,5,31
7702,2004,10,31
1502,2005,5,31
3209,2005,7,31
3704,2005,1,31
3702,2004,10,31
8603,2004,8,31
7003,2005,5,31
5104,2005,5,31
2904,2005,7,31
8707,2005,7,31
1402,2004,10,31
3303,2005,5,31
7603,2004,10,31
7702,2005,5,31
4907,2005,7,31
1207,2005,1,31
4203,2005,5,31
4704,2005,7,31
1202,2005,1,31
2307,2005,7,31
8803,2005,7,31
5602,2005,5,31
2409,2005,1,31
809,2004,8,31
3307,2005,5,31
2004,2005,7,31
4403,2005,7,31
8902,2005,1,31
6503,2004,8,31
4003,2004,10,31
302,2005,7,31
5303,2005,1,31
1602,2004,10,31
5603,2005,7,31
2103,2005,5,31
2504,2004,10,31
3902,2005,1,31
609,2005,1,31
2609,2004,10,31
6304,2004,10,31
1207,2005,5,31
1009,2004,8,31
1207,2005,7,31
4407,2004,10,31
1302,2005,1,31
1003,2005,7,31
202,2005,1,31
7904,2005,5,31
4904,2004,10,31
7804,2004,8,31
3309,2005,7,31
4507,2004,8,31
3707,2005,5,31
7904,2005,1,31
903,2005,1,31
3702,2004,8,31
2309,2005,5,31
6803,2004,8,31
4907,2004,8,31
2502,2004,10,31
2809,2005,5,31
6404,2005,5,31
2102,2005,7,31
2404,2005,7,31
9504,2004,8,31
7507,2005,7,31
4807,2004,10,31
9404,2005,1,31
1403,2004,8,31
3003,2005,7,31
3004,2004,8,31
6903,2005,5,31
4107,2004,8,31
404,2005,5,31
1302,2005,7,31
4204,2005,7,31
7804,2005,7,31
103,2004,10,31
6204,2005,1,31
4103,2005,7,31
8702,2005,7,31
4503,2005,7,31
2702,2004,10,31
6002,2005,7,31
5602,2004,10,31
303,2005,7,31
5802,2005,7,31
9604,2005,7,31
6903,2004,8,31
3007,2004,10,31
8403,2005,5,31
9204,2004,10,31
7902,2005,1,31
5604,2004,10,31
1709,2005,5,31
5704,2004,10,31
4307,2005,1,31
307,2005,7,31
1007,2005,7,31
9002,2004,8,31
5903,2005,5,31
3204,2005,5,31
2704,2005,5,31
3609,2005,1,31
4007,2005,5,31
6403,2005,5,31
4302,2004,8,31
7502,2004,8,31
2907,2005,7,31
3204,2004,8,31
7503,2004,8,31
1302,2005,5,31
2007,2005,7,31
8503,2004,10,31
2609,2005,1,31
2203,2005,1,31
1202,2005,7,31
2504,2005,1,31
5703,2004,8,31
6804,2005,7,31
4004,2005,5,31
3304,2004,8,31
5202,2005,1,31
4704,2005,5,31
3003,2004,8,31
5804,2005,5,31
902,2004,10,31
4902,2004,10,31
8204,2005,5,31
4703,2005,5,31
6004,2004,10,31
907,2005,5,31
409,2004,8,31
402,2004,10,31
1403,2005,7,31
3202,2004,10,31
1107,2005,1,31
4303,2004,10,31
1204,2004,8,31
9503,2005,5,31
5603,2004,8,31
3403,2004,8,31
704,2005,1,31
5903,2005,7,31
4604,2005,7,31
7902,2004,8,31
3504,2005,1,31
4504,2005,1,31
3303,2005,7,31
7107,2005,7,31
3503,2004,8,31
5004,2004,8,31
7004,2005,7,31
8407,2005,7,31
9709,2005,5,31
907,2004,8,31
2407,2004,10,31
2707,2004,10,31
2502,2005,1,31
8204,2004,10,31
1402,2005,7,31
4202,2005,1,31
6004,2005,7,31
8504,2004,8,31
8902,2004,8,31
2109,2004,8,31
1203,2005,1,31
3002,2005,5,31
3402,2004,10,31
2607,2004,10,31
903,2004,8,31
9404,2004,8,31
1103,2005,1,31
6904,2004,10,31
8309,2005,5,31
4209,2004,10,31
7304,2005,1,31
2104,2004,8,31
3003,2005,1,31
5904,2005,1,31
7002,2004,8,31
9303,2004,8,31
1102,2004,10,31
4402,2005,5,31
4804,2004,10,31
3802,2005,5,31
707,2004,10,31
3804,2004,10,31
402,2005,7,31
8109,2005,1,31
6109,2005,1,31
3507,2004,8,31
103,2005,5,31
3607,2005,5,31
5304,2005,7,31
6304,2005,5,31
5504,2005,7,31
9609,2005,7,31
8404,2005,5,31
2402,2005,7,31
7103,2005,7,31
2603,2005,7,31
807,2005,5,31
5304,2004,10,31
3302,2005,7,31
1404,2005,5,31
5302,2004,8,31
3902,2005,5,31
4302,2005,1,31
7807,2004,8,31
4403,2005,5,31
3902,2004,10,31
7202,2004,10,31
5504,2005,1,31
4502,2005,7,31
9704,2004,8,31
507,2005,5,31
4302,2005,5,31
7602,2004,8,31
2004,2005,1,31
7507,2004,8,31
9603,2004,8,31
6009,2005,5,31
909,2004,8,31
4107,2005,5,31
907,2005,1,31
1709,2004,8,31
3109,2005,7,31
9209,2004,10,31
404,2004,8,31
1404,2005,7,31
8007,2004,10,31
8109,2004,8,31
1509,2005,1,31
2807,2004,8,31
6104,2005,1,31
2907,2005,1,31
3207,2005,1,31
2804,2005,1,31
2509,2004,10,31
2504,2005,7,31
9409,2005,5,31
3603,2005,1,31
8309,2004,10,31
6403,2005,1,31
403,2005,1,31
7004,2004,10,31
2209,2004,8,31
6203,2005,7,31
2309,2005,7,31
309,2004,8,31
9409,2004,8,31
2907,2005,5,31
2402,2004,10,31
2004,2005,5,31
9409,2005,7,31
1304,2005,7,31
4603,2005,5,31
8703,2004,8,31
2307,2004,8,31
4803,2004,10,31
5604,2005,5,31
8209,2004,8,31
5803,2005,5,31
1109,2004,8,31
3609,2005,7,31
9304,2004,8,31
3603,2005,7,31
7102,2004,8,31
3204,2005,7,31
3503,2004,10,31
7107,2004,10,31
7507,2004,10,31
5204,2005,5,31
3909,2004,10,31
2207,2005,5,31
6804,2004,8,31
7402,2005,5,31
4104,2004,10,31
1904,2005,5,31
3802,2005,1,31
2202,2005,7,31
8607,2005,5,31
7807,2005,7,31
7304,2004,10,31
3503,2005,7,31
5302,2004,10,31
6002,2004,10,31
3407,2004,8,31
4804,2005,5,31
304,2005,1,31
8002,2005,1,31
3202,2004,8,31
9804,2005,7,31
8603,2004,10,31
504,2005,5,31
2309,2004,10,31
9302,2005,7,31
7603,2005,1,31
9704,2005,1,31
3202,2005,5,31
5704,2005,5,31
5202,2004,8,31
2009,2005,7,31
8707,2005,5,31
9804,2005,1,31
8402,2004,10,31
7204,2005,7,31
5802,2004,10,31
1107,2004,10,31
8507,2005,7,31
1602,2005,5,31
604,2005,1,31
9002,2005,7,31
8702,2005,1,31
3004,2005,5,31
4507,2004,10,31
4507,2005,5,31
604,2004,8,31
7807,2005,5,31
4507,2005,7,31
6703,2004,10,31
9402,2005,7,31
7402,2004,10,31
7002,2004,10,31
4404,2005,1,31
8902,2005,5,31
1709,2005,1,31
3607,2005,7,31
6304,2005,7,31
7304,2005,5,31
8407,2004,10,31
2102,2005,5,31
3109,2004,8,31
3003,2004,10,31
6104,2005,7,31
9202,2005,1,31
8409,2004,10,31
2109,2005,7,31
7107,2005,5,31
1203,2004,10,31
2604,2005,5,31
3604,2004,8,31
203,2004,10,31
1702,2004,10,31
3309,2005,1,31
3107,2005,7,31
3707,2005,7,31
5002,2005,5,31
1304,2005,5,31
7907,2005,1,31
1607,2005,1,31
7904,2005,7,31
4903,2005,5,31
5604,2005,1,31
4203,2005,1,31
209,2005,5,31
4704,2004,10,31
7704,2005,7,31
809,2004,10,31
7204,2004,10,31
4204,2004,8,31
2202,2004,10,31
303,2005,1,31
703,2005,1,31
7007,2005,1,31
603,2005,5,31
9704,2005,7,31
9309,2005,5,31
8403,2005,7,31
6104,2005,5,31
3807,2005,7,31
9309,2004,8,31
3204,2005,1,31
3702,2005,5,31
204,2004,10,31
3307,2004,8,31
4102,2005,1,31
9503,2005,1,31
2007,2005,5,31
3102,2005,1,31
9309,2005,7,31
9103,2004,8,31
604,2004,10,31
9202,2004,10,31
403,2005,7,31
8403,2004,8,31
3009,2005,5,31
7103,2005,5,31
8802,2004,8,31
8709,2005,1,31
807,2004,10,31
1107,2005,5,31
9504,2005,7,31
4503,2005,5,31
3507,2004,10,31
7304,2004,8,31
603,2004,8,31
8102,2005,5,31
203,2004,8,31
8404,2004,10,31
5303,2005,5,31
6904,2005,5,31
4303,2005,5,31
5402,2005,1,31
6503,2005,5,31
1003,2005,5,31
1707,2004,8,31
5703,2005,1,31
9402,2004,10,31
6102,2005,1,31
8209,2004,10,31
4404,2004,10,31
6803,2004,10,31
9704,2005,5,31
3202,2005,7,31
409,2004,10,31
9709,2004,8,31
2809,2005,1,31
2202,2004,8,31
7103,2005,1,31
6402,2005,5,31
1407,2005,7,31
8102,2004,10,31
1204,2004,10,31
4103,2004,8,31
4504,2005,7,31
7302,2005,7,31
9103,2005,5,31
7007,2005,5,31
5803,2004,8,31
7507,2005,1,31
3807,2005,1,31
5804,2005,1,31
5303,2004,8,31
6202,2005,5,31
3804,2005,5,31
3909,2005,1,31
4109,2005,5,31
6804,2005,1,31
1509,2005,5,31
3304,2005,1,31
4902,2005,5,31
4403,2004,10,31
8604,2005,5,31
1807,2005,1,31
9302,2004,8,31
3002,2005,7,31
2007,2005,1,31
5503,2004,10,31
7907,2004,8,31
9604,2004,10,31
7104,2005,5,31
3402,2004,8,31
3103,2004,8,31
7202,2004,8,31
7904,2004,10,31
3303,2004,8,31
3304,2005,7,31
1402,2005,5,31
304,2004,10,31
4209,2004,8,31
4803,2004,8,31
9204,2004,8,31
9209,2004,8,31
5404,2005,7,31
1502,2005,1,31
2602,2005,1,31
5603,2005,1,31
6703,2005,1,31
1207,2004,8,31
3307,2005,7,31
407,2005,5,31
6404,2004,10,31
6009,2004,10,31
2602,2004,10,31
8602,2004,10,31
2409,2004,8,31
3107,2005,5,31
6503,2005,1,31
8202,2005,1,31
2209,2005,5,31
2909,2004,8,31
8609,2005,5,31
1107,2005,7,31
4902,2004,8,31
6202,2005,7,31
5204,2004,8,31
7003,2005,1,31
2509,2004,8,31
907,2005,7,31
3603,2005,5,31
1407,2004,10,31
5503,2005,7,31
609,2004,8,31
5004,2005,1,31
7407,2004,10,31
1403,2004,10,31
1702,2005,1,31
1203,2005,5,31
4804,2005,1,31
7704,2005,1,31
8309,2004,8,31
4804,2004,8,31
2607,2005,7,31
8109,2005,5,31
9804,2004,8,31
9709,2004,10,31
209,2004,10,31
4003,2005,7,31
6202,2004,10,31
7004,2005,1,31
4503,2004,10,31
3007,2005,1,31
2603,2005,1,31
3009,2005,1,31
5004,2005,5,31
2707,2005,7,31
9609,2004,10,31
8607,2004,8,31
404,2004,10,31
3307,2005,1,31
2704,2005,1,31
303,2004,8,31
6604,2004,8,31
3902,2004,8,31
509,2004,10,31
6304,2004,8,31
2909,2005,1,31
8602,2005,7,31
3207,2004,10,31
5504,2004,8,31
3507,2005,1,31
6009,2005,1,31
9002,2005,5,31
9909,2004,8,31
3504,2004,8,31
7707,2004,10,31
5104,2005,7,31
2402,2005,5,31
6004,2004,8,31
6404,2005,7,31
8102,2004,8,31
4803,2005,1,31
1103,2004,8,31
507,2005,1,31
8507,2004,8,31
4309,2005,1,31
3109,2005,1,31
9804,2005,5,31
307,2005,5,31
6703,2005,5,31
4903,2005,7,31
703,2004,8,31
8109,2004,10,31
3509,2005,7,31
2604,2005,1,31
603,2004,10,31
407,2005,7,31
7004,2004,8,31
1307,2004,8,31
9402,2004,8,31
1203,2005,7,31
2007,2004,10,31
1009,2005,1,31
1104,2005,5,31
7107,2005,1,31
9309,2004,10,31
409,2005,1,31
6209,2005,7,31
6704,2005,5,31
1707,2005,7,31
2109,2005,5,31
2204,2005,7,31
1204,2005,5,31
6902,2004,10,31
903,2004,10,31
8409,2004,8,31
4209,2005,1,31
8902,2005,7,31
809,2005,7,31
302,2004,10,31
6009,2005,7,31
2404,2004,8,31
3004,2004,10,31
3309,2005,5,31
5903,2005,1,31
3507,2005,7,31
2807,2005,5,31
304,2004,8,31
707,2005,7,31
2304,2004,8,31
1003,2004,10,31
4807,2005,1,31
4407,2005,5,31
7104,2005,1,31
5903,2004,8,31
2604,2005,7,31
5102,2005,7,31
1703,2005,1,31
2607,2004,8,31
1502,2005,7,31
502,2005,1,31
807,2005,7,31
7904,2004,8,31
2502,2005,5,31
7407,2004,8,31
4802,2005,5,31
4209,2005,5,31
3709,2005,5,31
2303,2005,1,31
3602,2004,8,31
2202,2005,5,31
4603,2005,7,31
7307,2005,7,31
6202,2005,1,31
7303,2005,7,31
4702,2005,5,31
3204,2004,10,31
1109,2005,1,31
4703,2004,10,31
5102,2004,10,31
1707,2005,1,31
3602,2005,5,31
9202,2005,5,31
6004,2005,1,31
8402,2005,1,31
4202,2004,10,31
1002,2005,7,31
2109,2005,1,31
8302,2005,1,31
8707,2004,10,31
1709,2005,7,31
5904,2004,10,31
6204,2005,5,31
8603,2005,7,31
2707,2005,1,31
5502,2004,10,31
8002,2005,7,31
4302,2005,7,31
1609,2004,8,31
6109,2005,7,31
1202,2005,5,31
5803,2004,10,31
2909,2005,7,31
107,2004,10,31
5404,2005,5,31
2603,2004,10,31
9503,2005,7,31
3603,2004,8,31
9604,2005,5,31
307,2004,8,31
8209,2005,1,31
9909,2005,1,31
3802,2005,7,31
7503,2005,5,31
2904,2005,1,31
1609,2004,10,31
7103,2004,10,31
7102,2005,5,31
8709,2004,8,31
204,2005,7,31
402,2005,1,31
2009,2004,8,31
403,2004,10,31
3804,2005,1,31
107,2005,1,31
2604,2004,8,31
3909,2005,7,31
6704,2004,8,31
3809,2004,10,31
6403,2004,8,31
5002,2005,7,31
703,2004,10,31
3403,2005,7,31
1307,2004,10,31
3707,2004,10,31
8507,2005,5,31
4202,2004,8,31
4007,2004,10,31
8702,2004,10,31
4703,2004,8,31
2202,2005,1,31
6604,2005,7,31
9304,2005,1,31
4402,2005,7,31
4109,2004,10,31
1003,2005,1,31
5904,2004,8,31
704,2005,7,31
5704,2004,8,31
9104,2005,7,31
3609,2005,5,31
5403,2004,10,31
5403,2004,8,31
4502,2005,5,31
902,2005,1,31
8504,2005,5,31
8002,2004,10,31
7202,2005,7,31
6102,2005,7,31
9609,2005,1,31
4309,2004,10,31
209,2005,1,31
302,2005,1,31
4303,2004,8,31
7103,2004,8,31
7107,2004,8,31
6109,2005,5,31
502,2005,7,31
3107,2004,8,31
1009,2004,10,31
3503,2005,1,31
202,2004,10,31
4603,2005,1,31
1704,2004,8,31
1807,2004,10,31
7403,2004,8,31
2402,2004,8,31
9409,2005,1,31
7503,2005,1,31
6902,2005,7,31
3704,2004,8,31
2204,2004,8,31
6109,2004,10,31
2909,2004,10,31
9309,2005,1,31
7703,2005,1,31
4403,2005,1,31
7302,2004,10,31
5803,2005,7,31
9304,2004,10,31
9402,2005,1,31
8004,2004,10,31
704,2004,10,31
8202,2004,8,31
6404,2005,1,31
9302,2005,1,31
3007,2005,5,31
6104,2004,10,31
2404,2005,1,31
3409,2004,10,31
8802,2005,7,31
2704,2004,8,31
2407,2005,7,31
3509,2005,5,31
2104,2005,1,31
8603,2005,5,31
4307,2004,10,31
8602,2005,5,31
1403,2005,5,31
1509,2004,8,31
9103,2005,7,31
3509,2005,1,31
1203,2004,8,31
6002,2005,1,31
4907,2005,1,31
8004,2004,8,31
4103,2004,10,31
502,2005,5,31
8707,2005,1,31
1703,2005,5,31
2609,2005,5,31
1204,2005,1,31
7002,2005,1,31
2904,2005,5,31
3502,2004,8,31
8007,2005,5,31
8503,2005,5,31
7102,2004,10,31
5302,2005,5,31
809,2005,1,31
1304,2004,10,31
3207,2005,7,31
1909,2005,7,31
102,2005,7,31
2809,2005,7,31
7407,2005,7,31
8004,2005,1,31
7703,2004,8,31
4407,2005,7,31
5203,2004,10,31
5304,2004,8,31
9303,2005,1,31
8803,2004,8,31
8504,2005,7,31
909,2004,10,31
1602,2005,1,31
5204,2005,1,31
1407,2005,5,31
4404,2005,5,31
6102,2005,5,31
3802,2004,8,31
9709,2005,1,31
2407,2005,5,31
8202,2005,5,31
2407,2004,8,31
7302,2005,1,31
307,2005,1,31
7704,2005,5,31
4109,2005,7,31
4204,2005,1,31
2004,2004,8,31
903,2005,7,31
4607,2004,8,31
7702,2004,8,31
9104,2004,10,31
3707,2005,1,31
8407,2005,5,31
5402,2005,5,31
1207,2004,10,31
709,2005,5,31
3303,2005,1,31
7503,2004,10,31
7804,2005,5,31
4004,2005,7,31
4102,2005,5,31
2104,2005,7,31
7402,2004,8,31
3809,2005,1,31
4409,2004,10,31
5304,2005,1,31
6204,2004,8,31
909,2005,7,31
4807,2005,5,31
2303,2004,8,31
3804,2004,8,31
1904,2005,7,31
2904,2004,10,31
5203,2004,8,31
509,2005,7,31
4103,2005,1,31
6102,2004,8,31
2607,2005,5,31
3103,2005,5,31
3304,2005,5,31
3302,2005,5,31
6903,2005,1,31
7204,2004,8,31
1703,2004,10,31
2604,2004,10,31
7603,2004,8,31
8507,2004,10,31
1904,2004,8,31
8004,2005,7,31
2603,2004,8,31
7307,2004,8,31
8409,2005,1,31
9204,2005,1,31
7303,2005,5,31
8609,2005,7,31
403,2005,5,31
1404,2005,1,31
1003,2004,8,31
1004,2005,7,31
4604,2005,5,31
5403,2005,7,31
9202,2004,8,31
204,2004,8,31
2102,2004,10,31
8607,2005,7,31
4402,2005,1,31
7502,2005,1,31
7104,2005,7,31
3702,2005,1,31
5804,2005,7,31
3409,2004,8,31
3502,2005,1,31
9209,2005,1,31
8803,2004,10,31
2102,2005,1,31
8109,2005,7,31
2602,2005,5,31
1007,2004,10,31
2602,2005,7,31
8302,2005,7,31
1009,2005,7,31
704,2005,5,31
1304,2004,8,31
3802,2004,10,31
103,2005,1,31
4102,2004,10,31
3004,2005,1,31
3504,2005,7,31
3602,2005,1,31
8609,2004,10,31
504,2004,8,31
5204,2005,7,31
509,2005,1,31
409,2005,7,31
9909,2005,5,31
204,2005,1,31
5203,2005,1,31
7204,2005,1,31
6902,2004,8,31
107,2004,8,31
4302,2004,10,31
7703,2005,7,31
4007,2005,7,31
1807,2004,8,31
2409,2005,7,31
8407,2004,8,31
5802,2004,8,31
4109,2005,1,31
2509,2005,1,31
9603,2005,5,31
1609,2005,1,31
7302,2005,5,31
4003,2005,5,31
1403,2005,1,31
6903,2005,7,31
802,2004,10,31
2203,2005,7,31
4604,2004,10,31
7307,2005,5,31
5404,2004,8,31
503,2005,5,31
7002,2005,5,31
3709,2005,7,31
5202,2005,5,31
907,2004,10,31
2907,2004,10,31
1904,2004,10,31
9302,2005,5,31
3407,2005,5,31
2804,2004,10,31
5402,2005,7,31
6109,2004,8,31
6803,2005,1,31
7902,2005,7,31
8604,2005,7,31
4004,2005,1,31
4802,2005,1,31
9304,2005,7,31
4904,2005,1,31
6604,2004,10,31
8802,2005,5,31
3007,2005,7,31
1007,2005,5,31
4707,2005,7,31
507,2004,10,31
2404,2005,5,31
8209,2005,5,31
1404,2004,10,31
4807,2005,7,31
107,2005,7,31
3909,2005,5,31
8409,2005,5,31
7403,2004,10,31
2307,2004,10,31
5904,2005,5,31
8703,2004,10,31
7807,2004,10,31
3704,2004,10,31
609,2005,7,31
1607,2005,7,31
2804,2005,7,31
4007,2005,1,31
5403,2005,5,31
8602,2004,8,31
304,2005,7,31
4409,2005,1,31
5504,2005,5,31
1704,2004,10,31
2609,2004,8,31
1004,2004,10,31
2909,2005,5,31
8703,2005,5,31
7907,2005,5,31
6302,2005,1,31
9103,2004,10,31
3409,2005,5,31
9204,2005,5,31
6704,2005,7,31
7902,2004,10,31
4604,2004,8,31
7603,2005,7,31
3402,2005,7,31
3604,2005,5,31
8002,2005,5,31
3103,2004,10,31
3509,2004,8,31
7304,2005,7,31
1002,2004,10,31
8007,2005,1,31
2203,2004,10,31
5502,2005,5,31
6002,2004,8,31
407,2004,8,31
4803,2005,7,31
3107,2004,10,31
802,2005,1,31
9504,2004,10,31
6203,2004,8,31
7507,2005,5,31
3207,2005,5,31
9303,2004,10,31
7602,2005,1,31
1709,2004,10,31
303,2005,5,31
5904,2005,7,31
4807,2004,8,31
9402,2005,5,31
2602,2004,8,31
1104,2004,8,31
1707,2004,10,31
4104,2005,7,31
5304,2005,5,31
4207,2004,10,31
8309,2005,7,31
1804,2004,10,31
404,2005,7,31
8702,2005,5,31
309,2005,7,31
707,2005,1,31
2009,2004,10,31
5002,2005,1,31
8007,2005,7,31
1704,2005,1,31
3709,2005,1,31
4904,2005,7,31
9603,2005,1,31
9609,2005,5,31
8204,2005,7,31
8403,2004,10,31
3604,2004,10,31
5704,2005,1,31
2103,2004,8,31
2203,2005,5,31
409,2005,5,31
7404,2005,1,31
2004,2004,10,31
2204,2005,5,31
3509,2004,10,31
2209,2005,1,31
4504,2005,5,31
4303,2005,1,31
3207,2004,8,31
2207,2004,10,31
1703,2005,7,31
4502,2005,1,31
507,2004,8,31
1002,2005,5,31
4502,2004,8,31
9202,2005,7,31
2103,2004,10,31
9409,2004,10,31
703,2005,5,31
102,2005,5,31
1103,2005,7,31
2809,2004,10,31
4904,2005,5,31
3102,2004,8,31
7502,2005,7,31
6604,2005,1,31
5404,2004,10,31
8402,2005,5,31
7704,2004,10,31
7804,2005,1,31
3804,2005,7,31
802,2005,5,31
4409,2005,7,31
1102,2005,7,31
2104,2004,10,31
5103,2005,1,31
9104,2005,5,31
4704,2004,8,31
8407,2005,1,31
407,2005,1,31
9909,2005,7,31
1109,2005,7,31
4307,2005,5,31
5204,2004,10,31
6503,2004,10,31
203,2005,1,31
3604,2005,7,31
8102,2005,1,31
2504,2004,8,31
1703,2004,8,31
107,2005,5,31
2304,2004,10,31
1202,2004,10,31
5102,2005,1,31
6503,2005,7,31
3504,2004,10,31
304,2005,5,31
7403,2005,7,31
3307,2004,10,31
407,2004,10,31
7703,2005,5,31
9504,2005,1,31
8302,2005,5,31
9104,2005,1,31
8007,2004,8,31
5002,2004,10,31
503,2004,8,31
4907,2005,5,31
2007,2004,8,31
9909,2004,10,31
7407,2005,5,31
4502,2004,10,31
7707,2005,5,31
4607,2005,5,31
902,2005,7,31
9804,2004,10,31
5602,2005,7,31
7707,2004,8,31
5302,2005,7,31
6302,2005,7,31
707,2005,5,31
3704,2005,5,31
4804,2005,7,31
603,2005,7,31
3102,2005,7,31
4503,2004,8,31
402,2005,5,31
4702,2004,8,31
4102,2004,8,31
3107,2005,1,31
7902,2005,5,31
1002,2005,1,31
7602,2004,10,31
2807,2004,10,31
9103,2005,1,31
709,2005,7,31
5203,2005,7,31
6203,2005,5,31
5004,2005,7,31
9603,2004,10,31
1702,2005,7,31
4104,2005,5,31
8404,2005,1,31
5503,2005,1,31
5804,2004,10,31
1102,2005,1,31
4204,2004,10,31
3302,2005,1,31
8603,2005,1,31
3007,2004,8,31
1407,2005,1,31
9303,2005,5,31
4204,2005,5,31
3403,2005,5,31
7307,2004,10,31
4209,2005,7,31
2904,2004,8,31
8709,2005,5,31
203,2005,5,31
7503,2005,7,31
2702,2004,8,31
9204,2005,7,31
6404,2004,8,31
303,2004,10,31
4703,2005,1,31
3003,2005,5,31
7807,2005,1,31
7707,2005,1,31
8604,2004,10,31
2407,2005,1,31
6002,2005,5,31
4704,2005,1,31
6102,2004,10,31
2303,2005,7,31
2907,2004,8,31
4702,2004,10,31
1909,2005,5,31
7202,2005,1,31
3709,2004,10,31
5103,2004,10,31
5303,2005,7,31
5603,2004,10,31
1004,2005,5,31
807,2004,8,31
8402,2005,7,31
209,2004,8,31
6004,2005,5,31
5703,2004,10,31
7404,2005,7,31
6403,2004,10,31
7102,2005,1,31
5802,2005,5,31
7704,2004,8,31
2309,2004,8,31
9304,2005,5,31
1602,2005,7,31
707,2004,8,31
4207,2004,8,31
3403,2005,1,31
4707,2004,10,31
7703,2004,10,31
6703,2005,7,31
9303,2005,7,31
603,2005,1,31
2702,2005,1,31
103,2005,7,31
3807,2005,5,31
5503,2005,5,31
2707,2005,5,31
8802,2005,1,31
6204,2004,10,31
7502,2004,10,31
1909,2004,8,31
7302,2004,8,31
2609,2005,7,31
6704,2005,1,31
4604,2005,1,31
3607,2005,1,31
2304,2005,7,31
6902,2005,1,31
4902,2005,1,31
103,2004,8,31
202,2005,7,31
1307,2005,1,31
4802,2004,8,31
3607,2004,10,31
8609,2005,1,31
5303,2004,10,31
2207,2005,7,31
609,2005,5,31
2104,2005,5,31
5802,2005,1,31
3402,2005,5,31
4707,2004,8,31
5102,2005,5,31
2009,2005,5,31
7303,2004,10,31
8507,2005,1,31
8102,2005,7,31
4607,2005,1,31
9209,2005,7,31
7003,2004,8,31
8309,2005,1,31
3309,2004,10,31
503,2004,10,31
7707,2005,7,31
309,2005,1,31
6902,2005,5,31
3504,2005,5,31
4707,2005,1,31
8702,2004,8,31
8607,2004,10,31
1807,2005,7,31
504,2005,1,31
7702,2005,1,31
8609,2004,8,31
3502,2005,7,31
1807,2005,5,31
3009,2004,8,31
2503,2005,5,31
5302,2005,1,31
2702,2005,5,31
4507,2005,1,31
7002,2005,7,31
1607,2004,8,31
9709,2005,7,31
3202,2005,1,31
8503,2005,1,31
1404,2004,8,31
2207,2004,8,31
6009,2004,8,31
8803,2005,1,31
909,2005,1,31
4802,2004,10,31
9604,2005,1,31
5103,2005,5,31
2304,2005,5,31
4404,2005,7,31
3704,2005,7,31
4003,2004,8,31
8004,2005,5,31
5202,2005,7,31
9002,2004,10,31
5202,2004,10,31
8602,2005,1,31
609,2004,10,31
1004,2005,1,31
5503,2004,8,31
9603,2005,7,31
1904,2005,1,31
4107,2005,7,31
2807,2005,1,31
509,2004,8,31
6904,2005,1,31
2704,2005,7,31
6204,2005,7,31
1502,2004,10,31
8209,2005,7,31
309,2005,5,31
1909,2005,1,31
4309,2005,7,31
9404,2004,10,31
4403,2004,8,31
4004,2004,8,31
9302,2004,10,31
3304,2004,10,31
2409,2004,10,31
3009,2005,7,31
8604,2004,8,31
6203,2004,10,31
1307,2005,5,31
8404,2004,8,31
4303,2005,7,31
3707,2004,8,31
3602,2004,10,31
5102,2004,8,31
7403,2005,5,31
1007,2005,1,31
3507,2005,5,31
3302,2004,8,31
6703,2004,8,31
3409,2005,1,31
4203,2004,10,31
4607,2004,10,31
8503,2005,7,31
7804,2004,10,31
3103,2005,1,31
3209,2004,8,31
1107,2004,8,31
4107,2005,1,31
7404,2004,10,31
8204,2004,8,31
4104,2004,8,31
7007,2004,8,31
4004,2004,10,31
504,2004,10,31
302,2005,5,31
1102,2005,5,31
3603,2004,10,31
8302,2004,10,31
8204,2005,1,31
504,2005,7,31
202,2005,5,31
2809,2004,8,31
4007,2004,8,31
9404,2005,7,31
8709,2005,7,31
404,2005,1,31
3102,2004,10,31
704,2004,8,31
4904,2004,8,31
2309,2005,1,31
3009,2004,10,31
2009,2005,1,31
4603,2004,10,31
5104,2005,1,31
204,2005,5,31
4407,2004,8,31
2209,2005,7,31
2404,2004,10,31
2204,2004,10,31
4207,2005,1,31
807,2005,1,31
2804,2005,5,31
3209,2005,1,31
1009,2005,5,31
9404,2005,5,31
2103,2005,7,31
1109,2005,5,31
703,2005,7,31
6202,2004,8,31
7003,2005,7,31
5103,2004,8,31
3407,2005,7,31
7102,2005,7,31
3702,2005,7,31
3609,2004,8,31
3302,2004,10,31
3102,2005,5,31
7403,2005,1,31
4104,2005,1,31
7602,2005,5,31
307,2004,10,31
3403,2004,10,31
4307,2004,8,31
4107,2004,10,31
5704,2005,7,31
8604,2005,1,31
4203,2004,8,31
1402,2005,1,31
9209,2005,5,31
4407,2005,1,31
5603,2005,5,31
1702,2005,5,31
5104,2004,10,31
7303,2005,1,31
503,2005,7,31
6302,2004,8,31
1103,2004,10,31
709,2004,10,31
2502,2005,7,31
9704,2004,10,31
9609,2004,8,31
902,2005,5,31
4504,2004,10,31
3004,2005,7,31
4203,2005,7,31
1103,2005,5,31
7007,2005,7,31
503,2005,1,31
6604,2005,5,31
709,2005,1,31
6302,2005,5,31
5803,2005,1,31
5402,2004,8,31
